First_Name,Last_Name,Phone,Monday,Tuesday,Wednesday,Thursday,Friday,Saturday,Sunday,Editing_staff_id
Mark,Cohen,(867) 127-8468,No,No,Yes,No,No,No,Yes,1
Aquila,Gross,(314) 921-2406,No,Yes,Yes,Yes,No,No,Yes,2
Hanna,Noel,(356) 238-1832,No,Yes,Yes,No,Yes,No,Yes,3
Teegan,Little,1-877-707-6845,Yes,Yes,Yes,Yes,No,No,Yes,4
Basil,Conrad,(872) 622-6153,No,No,No,Yes,Yes,Yes,No,5
Daniel,Spears,1-385-183-5925,Yes,No,Yes,Yes,No,Yes,Yes,6
Kibo,Hayes,(927) 934-3267,Yes,No,Yes,No,Yes,Yes,No,7
Ezekiel,Duke,(181) 376-6076,No,No,No,Yes,Yes,No,Yes,8
Reese,Ortiz,(683) 882-0779,No,Yes,Yes,Yes,No,Yes,Yes,9
Aiko,Monroe,1-367-676-1424,No,No,Yes,Yes,Yes,No,No,10
Alec,Love,1-241-575-2878,No,Yes,Yes,No,Yes,No,No,11
Claire,Mills,(774) 527-5670,Yes,No,No,No,Yes,Yes,No,12
Sigourney,Fleming,1-144-876-1461,No,Yes,No,No,No,Yes,Yes,13
Sean,Evans,1-911-878-7764,Yes,No,Yes,No,No,No,Yes,14
Amanda,Valentine,1-316-944-2833,Yes,Yes,No,Yes,Yes,No,No,15
Alan,Cline,(457) 472-5145,No,No,No,Yes,Yes,No,Yes,16
Bethany,Frye,(668) 418-2445,No,Yes,Yes,Yes,No,Yes,No,17
Vincent,Hamilton,(422) 437-7215,Yes,Yes,Yes,No,Yes,Yes,Yes,18
Ezra,Simmons,(516) 760-2412,Yes,Yes,No,No,Yes,No,Yes,19
Reece,Johns,1-729-824-6482,No,Yes,Yes,Yes,Yes,No,No,20
Emerson,Downs,(948) 228-2680,Yes,No,Yes,No,No,No,Yes,21
Sandra,Wiley,1-460-425-9295,Yes,Yes,Yes,Yes,Yes,Yes,Yes,22
Maryam,Henry,1-894-983-1146,Yes,No,No,No,No,Yes,Yes,23
Yardley,Pate,1-685-276-8016,Yes,No,No,Yes,No,Yes,Yes,24
Breanna,Merrill,(367) 316-2573,No,Yes,Yes,Yes,No,Yes,Yes,25
Zahir,Carpenter,(832) 861-4668,No,No,Yes,Yes,Yes,Yes,No,26
Nerea,Cash,1-522-585-4186,No,Yes,Yes,Yes,No,Yes,Yes,27
Alfonso,Hodges,(581) 956-5068,Yes,Yes,Yes,No,Yes,Yes,No,28
Daniel,Sears,(591) 626-7877,Yes,Yes,Yes,No,No,Yes,No,29
Raymond,Bean,(680) 574-6347,No,Yes,Yes,Yes,No,Yes,Yes,30
Ruth,Whitehead,(819) 654-5259,No,Yes,No,No,Yes,No,No,31
Kevin,Richard,(385) 683-5049,No,Yes,No,Yes,No,No,Yes,32
Hedy,Whitaker,(453) 385-2438,Yes,Yes,No,Yes,Yes,No,Yes,33
Maile,Mcneil,(489) 931-3962,Yes,No,No,Yes,Yes,No,Yes,34
Ria,Wright,(243) 740-4085,No,Yes,Yes,No,Yes,No,Yes,35
Ginger,Farmer,1-731-762-2173,No,No,Yes,Yes,Yes,Yes,No,36
Lana,Cole,(235) 838-6685,Yes,No,Yes,No,Yes,Yes,Yes,37
Kellie,Calhoun,(255) 637-0619,No,No,No,Yes,No,No,No,38
Lysandra,Hubbard,1-738-418-9415,Yes,No,Yes,No,No,Yes,No,39
Lysandra,Roberson,1-125-261-5877,Yes,No,Yes,No,No,Yes,Yes,40
Boris,Jacobson,(361) 808-3323,Yes,Yes,No,No,No,No,Yes,41
Jael,Wallace,1-317-389-3446,Yes,Yes,No,Yes,Yes,Yes,Yes,42
Griffin,Maddox,(414) 260-6865,Yes,Yes,Yes,No,No,Yes,Yes,43
Nicholas,Wells,(288) 511-8537,No,No,Yes,Yes,Yes,No,No,44
Amos,Fry,1-759-126-4620,No,No,No,Yes,Yes,Yes,Yes,45
Kimberly,Simmons,1-519-174-4222,No,No,Yes,No,No,No,Yes,46
Keefe,Tran,1-541-732-8170,Yes,Yes,No,Yes,Yes,Yes,Yes,47
Piper,Levy,(851) 463-1937,No,Yes,No,No,Yes,Yes,No,48
MacKenzie,Wong,(673) 234-8151,Yes,Yes,Yes,Yes,No,Yes,Yes,49
Ezekiel,Copeland,(585) 621-8728,No,No,No,Yes,No,Yes,Yes,50
Nathan,Odom,1-298-322-6815,Yes,Yes,Yes,Yes,Yes,No,Yes,51
Kirk,Faulkner,1-185-811-5247,Yes,Yes,Yes,No,Yes,No,Yes,52
Joelle,Coffey,1-357-463-2684,Yes,Yes,No,No,Yes,Yes,Yes,53
Quin,Trevino,(879) 683-1163,Yes,Yes,No,Yes,Yes,Yes,Yes,54
Tana,Frazier,(254) 860-2536,Yes,Yes,No,No,No,No,Yes,55
Alexander,Howard,1-515-887-4380,Yes,No,Yes,Yes,No,Yes,Yes,56
Brian,Glass,1-870-687-5368,No,Yes,Yes,Yes,Yes,No,Yes,57
Noel,Gentry,(978) 574-3198,Yes,Yes,No,Yes,Yes,No,Yes,58
Marcia,Lancaster,(211) 286-7702,No,No,Yes,Yes,No,Yes,Yes,59
Sonia,Mclaughlin,(502) 849-7173,Yes,No,No,No,No,Yes,No,60
Joelle,Jones,(512) 616-6673,No,No,Yes,Yes,No,No,No,61
Brandon,Koch,1-482-362-0967,Yes,No,No,Yes,Yes,Yes,Yes,62
Odysseus,Stephenson,(666) 554-5232,Yes,Yes,No,No,Yes,Yes,No,63
Jackson,Holden,(337) 966-2561,Yes,Yes,Yes,No,No,No,Yes,64
Nathan,Griffith,1-812-118-5198,Yes,No,No,Yes,Yes,Yes,Yes,65
Rogan,Potter,1-818-795-5420,No,No,Yes,Yes,No,No,No,66
Emerald,Sullivan,(788) 691-5301,No,No,Yes,No,No,Yes,No,67
Doris,Bright,1-717-339-5537,Yes,Yes,Yes,Yes,Yes,Yes,No,68
Pandora,Rice,1-563-563-4915,Yes,No,No,No,Yes,No,No,69
Logan,Blankenship,1-814-396-4725,No,Yes,Yes,Yes,No,No,Yes,70
Teagan,Simmons,1-452-276-0044,Yes,No,Yes,No,Yes,Yes,Yes,71
Jenna,Everett,1-311-408-1222,Yes,Yes,No,Yes,Yes,No,No,72
Jesse,Hubbard,1-642-376-3396,No,Yes,No,Yes,Yes,Yes,No,73
Hamish,Day,(331) 134-2529,Yes,No,Yes,Yes,No,Yes,No,74
Eagan,Burton,(822) 294-2235,Yes,Yes,No,Yes,Yes,Yes,No,75
Armando,Fletcher,1-792-744-8246,Yes,Yes,No,No,Yes,Yes,No,76
Knox,Nguyen,(572) 826-2732,No,Yes,No,No,Yes,No,No,77
Graham,Stout,(745) 198-2544,No,No,No,Yes,Yes,No,No,78
Harriet,Casey,(244) 118-3785,No,No,Yes,Yes,Yes,Yes,Yes,79
Eagan,Holloway,(785) 585-3965,No,Yes,No,No,No,Yes,Yes,80
Kennedy,Ortiz,(713) 228-7372,Yes,No,Yes,No,Yes,Yes,No,81
Jerry,White,1-763-464-0733,No,Yes,No,No,No,No,No,82
Michelle,Henry,(583) 740-4328,No,No,Yes,Yes,Yes,No,Yes,83
MacKenzie,Cameron,(297) 365-4418,No,Yes,No,No,No,Yes,No,84
Fletcher,Gaines,(488) 358-9374,Yes,No,No,No,Yes,Yes,No,85
Adam,House,(287) 658-5745,No,Yes,No,Yes,Yes,Yes,Yes,86
Plato,Holder,(957) 622-6045,No,No,Yes,Yes,No,No,Yes,87
Vernon,Oneal,(716) 346-5202,No,Yes,No,Yes,Yes,No,Yes,88
Kylee,Norton,(127) 830-7573,Yes,No,Yes,Yes,Yes,Yes,Yes,89
Linda,Scott,1-662-823-0150,No,Yes,No,Yes,No,No,Yes,90
Deborah,Chen,1-432-167-6259,Yes,Yes,No,No,Yes,Yes,Yes,91
Autumn,Mejia,1-451-228-3407,Yes,No,Yes,No,No,No,Yes,92
Jameson,Chen,1-413-776-0130,Yes,No,Yes,Yes,Yes,No,No,93
Marvin,Newton,(434) 105-7335,No,No,Yes,No,Yes,No,Yes,94
Cooper,Rojas,(343) 626-3131,No,Yes,No,Yes,No,Yes,Yes,95
Lara,Hahn,(293) 111-3826,Yes,Yes,No,No,Yes,Yes,No,96
Keith,Bird,(273) 338-2477,Yes,No,Yes,No,Yes,No,No,97
Deanna,Mays,(649) 840-8315,Yes,Yes,Yes,Yes,No,No,Yes,98
Madaline,Foster,(554) 907-2101,Yes,No,No,Yes,Yes,No,Yes,99
Adrian,Hall,(932) 473-8812,No,No,Yes,No,Yes,Yes,Yes,100
